{"cameraMode":{"drawMode":0,"name":"Shaded","section":"Shading Mode"},"sceneLighting":true,"audioPlay":false,"sceneViewState":{"m_AlwaysRefresh":false,"showFog":false,"showSkybox":true,"showFlares":true,"showImageEffects":true,"showParticleSystems":true,"showVisualEffectGraphs":true,"m_FxEnabled":true},"in2DMode":false,"pivot":{"x":20.515180587768556,"y":-0.07398858666419983,"z":-5.875287055969238},"rotation":{"x":0.06398650258779526,"y":-0.31695184111595156,"z":0.027242319658398629,"w":0.9470294117927551},"size":13.08622932434082,"orthographic":false}