{"cameraMode":{"drawMode":0,"name":"Shaded","section":"Shading Mode"},"sceneLighting":false,"audioPlay":false,"sceneViewState":{"m_AlwaysRefresh":false,"showFog":false,"showSkybox":false,"showFlares":false,"showImageEffects":false,"showParticleSystems":false,"showVisualEffectGraphs":true,"m_FxEnabled":true},"in2DMode":false,"pivot":{"x":-0.00008928775787353516,"y":0.8190392851829529,"z":0.03612580895423889},"rotation":{"x":0.010149305686354638,"y":0.9893730878829956,"z":-0.14662636816501618,"w":0.033826250582933429},"size":1.342511773109436,"orthographic":false}